<?xml version="1.0" encoding="UTF-8"?><MD_Metadata xmlns:xlink="http://www.w3.org/1999/xlink" xmlns:srv="http://www.isotc211.org/2005/srv" xmlns:gts="http://www.isotc211.org/2005/gts" xmlns:xalan="http://xml.apache.org/xalan" xmlns:gco="http://www.isotc211.org/2005/gco" xmlns:gml="http://www.opengis.net/gml" xmlns:xsi="http://www.w3.org/2001/XMLSchema-instance" xmlns="http://www.isotc211.org/2005/gmd">
<fileIdentifier>
<gco:CharacterString>7a9b9d7ed8e449199f49cc3d9ab54249</gco:CharacterString>
</fileIdentifier>
<language gco:nilReason="missing"/>
<characterSet>
<MD_CharacterSetCode codeList="http://www.isotc211.org/2005/resources/Codelist/gmxCodelists.xml#MD_CharacterSetCode" codeListValue="utf8" codeSpace="ISOTC211/19115">utf8</MD_CharacterSetCode>
</characterSet>
<hierarchyLevel>
<MD_ScopeCode codeList="http://www.isotc211.org/2005/resources/Codelist/gmxCodelists.xml#MD_ScopeCode" codeListValue="feature" codeSpace="ISOTC211/19115">feature</MD_ScopeCode>
</hierarchyLevel>
<contact>
<CI_ResponsibleParty>
<organisationName>
<gco:CharacterString>Agency of Commerce and Community Development</gco:CharacterString>
</organisationName>
<positionName>
<gco:CharacterString>Database Administrator</gco:CharacterString>
</positionName>
<contactInfo>
<CI_Contact>
<address>
<CI_Address>
<deliveryPoint>
<gco:CharacterString>1 National Life Dr</gco:CharacterString>
</deliveryPoint>
<city>
<gco:CharacterString>Montpelier</gco:CharacterString>
</city>
<electronicMailAddress>
<gco:CharacterString>accd.informationtechnology@vermont.gov</gco:CharacterString>
</electronicMailAddress>
</CI_Address>
</address>
</CI_Contact>
</contactInfo>
<role>
<CI_RoleCode codeList="http://www.isotc211.org/2005/resources/Codelist/gmxCodelists.xml#CI_RoleCode" codeListValue="pointOfContact" codeSpace="ISOTC211/19115">pointOfContact</CI_RoleCode>
</role>
</CI_ResponsibleParty>
</contact>
<dateStamp>
<gco:Date>2018-01-24</gco:Date>
</dateStamp>
<metadataStandardName>
<gco:CharacterString>NAP - Metadata</gco:CharacterString>
</metadataStandardName>
<metadataStandardVersion>
<gco:CharacterString>1.2</gco:CharacterString>
</metadataStandardVersion>
<referenceSystemInfo>
<MD_ReferenceSystem>
<referenceSystemIdentifier>
<RS_Identifier>
<code>
<gco:CharacterString>3857</gco:CharacterString>
</code>
<codeSpace>
<gco:CharacterString>EPSG</gco:CharacterString>
</codeSpace>
</RS_Identifier>
</referenceSystemIdentifier>
</MD_ReferenceSystem>
</referenceSystemInfo>
<identificationInfo>
<MD_DataIdentification>
<citation>
<CI_Citation>
<title>
<gco:CharacterString>VT Data - Electric Charging Stations</gco:CharacterString>
</title>
<date>
<CI_Date>
<date>
<gco:Date>2018-01-24</gco:Date>
</date>
<dateType>
<CI_DateTypeCode codeList="http://www.isotc211.org/2005/resources/Codelist/gmxCodelists.xml#CI_DateTypeCode" codeListValue="publication" codeSpace="ISOTC211/19115">publication</CI_DateTypeCode>
</dateType>
</CI_Date>
</date>
<citedResponsibleParty>
<CI_ResponsibleParty>
<organisationName>
<gco:CharacterString>Agency of Commerce and Community Development</gco:CharacterString>
</organisationName>
<positionName>
<gco:CharacterString>Database Administrator</gco:CharacterString>
</positionName>
<contactInfo>
<CI_Contact>
<address>
<CI_Address>
<deliveryPoint>
<gco:CharacterString>1 National Life Dr</gco:CharacterString>
</deliveryPoint>
<electronicMailAddress>
<gco:CharacterString>accd.InformationTechnology@vermont.gov</gco:CharacterString>
</electronicMailAddress>
</CI_Address>
</address>
</CI_Contact>
</contactInfo>
<role>
<CI_RoleCode codeList="http://www.isotc211.org/2005/resources/Codelist/gmxCodelists.xml#CI_RoleCode" codeListValue="publisher" codeSpace="ISOTC211/19115">publisher</CI_RoleCode>
</role>
</CI_ResponsibleParty>
</citedResponsibleParty>
</CI_Citation>
</citation>
<abstract>
<gco:CharacterString>Locations of Electric Charging Stations provided by the NREL national laboratory of the U.S. Department of Energy, Office of Energy Efficiency and Renewable Energy.  The NREL's developer network services and API key was used to access the data.</gco:CharacterString>
</abstract>
<purpose>
<gco:CharacterString>VT Data - Electric Charging Stations</gco:CharacterString>
</purpose>
<credit>
<gco:CharacterString>https://developer.nrel.gov/docs/transportation/alt-fuel-stations-v1/all/</gco:CharacterString>
</credit>
<status gco:nilReason="missing"/>
<descriptiveKeywords>
<MD_Keywords>
<keyword>
<gco:CharacterString>EV</gco:CharacterString>
</keyword>
<keyword>
<gco:CharacterString>Electric Charging Stations</gco:CharacterString>
</keyword>
<keyword>
<gco:CharacterString>nodevtaccd</gco:CharacterString>
</keyword>
<keyword>
<gco:CharacterString>nodevtaccdded</gco:CharacterString>
</keyword>
<keyword>
<gco:CharacterString>subthemeother</gco:CharacterString>
</keyword>
<keyword>
<gco:CharacterString>isothemeEnviron</gco:CharacterString>
</keyword>
</MD_Keywords>
</descriptiveKeywords>
<descriptiveKeywords>
<MD_Keywords>
<keyword>
<gco:CharacterString>EV</gco:CharacterString>
</keyword>
<keyword>
<gco:CharacterString>Electric Charging Stations</gco:CharacterString>
</keyword>
<keyword>
<gco:CharacterString>nodevtaccd</gco:CharacterString>
</keyword>
<keyword>
<gco:CharacterString>nodevtaccdded</gco:CharacterString>
</keyword>
<keyword>
<gco:CharacterString>subthemeother</gco:CharacterString>
</keyword>
<keyword>
<gco:CharacterString>isothemeEnviron</gco:CharacterString>
</keyword>
</MD_Keywords>
</descriptiveKeywords>
<descriptiveKeywords>
<MD_Keywords>
<keyword>
<gco:CharacterString>EV</gco:CharacterString>
</keyword>
<keyword>
<gco:CharacterString>Electric Charging Stations</gco:CharacterString>
</keyword>
<keyword>
<gco:CharacterString>nodevtaccd</gco:CharacterString>
</keyword>
<keyword>
<gco:CharacterString>nodevtaccdded</gco:CharacterString>
</keyword>
<keyword>
<gco:CharacterString>subthemeother</gco:CharacterString>
</keyword>
<keyword>
<gco:CharacterString>isothemeEnviron</gco:CharacterString>
</keyword>
</MD_Keywords>
</descriptiveKeywords>
<descriptiveKeywords>
<MD_Keywords>
<keyword>
<gco:CharacterString>EV</gco:CharacterString>
</keyword>
<keyword>
<gco:CharacterString>Electric Charging Stations</gco:CharacterString>
</keyword>
<keyword>
<gco:CharacterString>nodevtaccd</gco:CharacterString>
</keyword>
<keyword>
<gco:CharacterString>nodevtaccdded</gco:CharacterString>
</keyword>
<keyword>
<gco:CharacterString>subthemeother</gco:CharacterString>
</keyword>
<keyword>
<gco:CharacterString>isothemeEnviron</gco:CharacterString>
</keyword>
</MD_Keywords>
</descriptiveKeywords>
<descriptiveKeywords>
<MD_Keywords>
<keyword>
<gco:CharacterString>EV</gco:CharacterString>
</keyword>
<keyword>
<gco:CharacterString>Electric Charging Stations</gco:CharacterString>
</keyword>
<keyword>
<gco:CharacterString>nodevtaccd</gco:CharacterString>
</keyword>
<keyword>
<gco:CharacterString>nodevtaccdded</gco:CharacterString>
</keyword>
<keyword>
<gco:CharacterString>subthemeother</gco:CharacterString>
</keyword>
<keyword>
<gco:CharacterString>isothemeEnviron</gco:CharacterString>
</keyword>
</MD_Keywords>
</descriptiveKeywords>
<descriptiveKeywords>
<MD_Keywords>
<keyword>
<gco:CharacterString>EV</gco:CharacterString>
</keyword>
<keyword>
<gco:CharacterString>Electric Charging Stations</gco:CharacterString>
</keyword>
<keyword>
<gco:CharacterString>nodevtaccd</gco:CharacterString>
</keyword>
<keyword>
<gco:CharacterString>nodevtaccdded</gco:CharacterString>
</keyword>
<keyword>
<gco:CharacterString>subthemeother</gco:CharacterString>
</keyword>
<keyword>
<gco:CharacterString>isothemeEnviron</gco:CharacterString>
</keyword>
</MD_Keywords>
</descriptiveKeywords>
<resourceConstraints>
<MD_Constraints>
<useLimitation>
<gco:CharacterString>See disclaimer</gco:CharacterString>
</useLimitation>
</MD_Constraints>
</resourceConstraints>
<language>
<LanguageCode codeList="http://www.loc.gov/standards/iso639-2/php/code_list.php" codeListValue="eng" codeSpace="ISO639-2">eng</LanguageCode>
</language>
<characterSet>
<MD_CharacterSetCode codeList="http://www.isotc211.org/2005/resources/Codelist/gmxCodelists.xml#MD_CharacterSetCode" codeListValue="utf8" codeSpace="ISOTC211/19115">utf8</MD_CharacterSetCode>
</characterSet>
<topicCategory>
<MD_TopicCategoryCode>economy</MD_TopicCategoryCode>
</topicCategory>
<topicCategory>
<MD_TopicCategoryCode>environment</MD_TopicCategoryCode>
</topicCategory>
<topicCategory>
<MD_TopicCategoryCode>transportation</MD_TopicCategoryCode>
</topicCategory>
<extent>
<EX_Extent>
<geographicElement>
<EX_GeographicBoundingBox>
<westBoundLongitude>
<gco:Decimal>-73.5315</gco:Decimal>
</westBoundLongitude>
<eastBoundLongitude>
<gco:Decimal>-71.4551</gco:Decimal>
</eastBoundLongitude>
<southBoundLatitude>
<gco:Decimal>42.7067</gco:Decimal>
</southBoundLatitude>
<northBoundLatitude>
<gco:Decimal>45.058</gco:Decimal>
</northBoundLatitude>
</EX_GeographicBoundingBox>
</geographicElement>
</EX_Extent>
</extent>
</MD_DataIdentification>
</identificationInfo>
<distributionInfo>
<MD_Distribution>
<distributionFormat gco:nilReason="missing"/>
<transferOptions>
<MD_DigitalTransferOptions/>
</transferOptions>
</MD_Distribution>
</distributionInfo>
</MD_Metadata>
